{
	"shallowAE_200_basic_lr0.5_bs512_ep500": {
		"loss": 0.3182380497455597,
		"accuracy": 0.9106000065803528
	},
	"shallowAE_200_contractive_lr0.5_bs512_ep500": {
		"loss": 0.3084642291069031,
		"accuracy": 0.9139000177383423
	},
	"shallowAE_200_denoising0.2_lr0.7_bs1000_ep500": {
		"loss": 0.2876875400543213,
		"accuracy": 0.9161999821662903
	},
	"deepAE_(784, 500, 200, 100, 10)_basic_lr0.3_bs32_ep100": {
		"loss": 0.33184871077537537,
		"accuracy": 0.9010000228881836
	},
	"deepAE_(784, 500, 200, 100, 10)_contractive_lr0.1_bs32_ep100": {
		"loss": 0.4172639548778534,
		"accuracy": 0.8756999969482422
	},
	"deepAE_(784, 500, 200, 100, 10)_denoising0.1_lr0.3_bs32_ep100": {
		"loss": 0.38925421237945557,
		"accuracy": 0.8899000287055969
	}
}