{
	"deepRandAE_(784, 500)_lr0.6_bs64_ep100": {
		"loss": 0.44074755907058716,
		"accuracy": 0.8873000144958496
	}
}