{
  "data_size": 900000,
  "seq_len": 9,
  "data_min": 20,
  "data_max": 100,
  "batch_size": 2048,
  "seed": 1,
  "data_mode": ["13_xm0", "23_xm0", "43_xm0", "31_xm0", "32_xm0", "34_xm0", "12_xm0", "14_xm0", "21_xm0", "41_xm0", "24_xm0", "42_xm0", "11_xm0", "22_xm0", "33_xm0", "44_xm0", "13_xel", "23_xel", "43_xel", "31_xel", "32_xel", "34_xel", "12_xel", "14_xel", "21_xel", "41_xel", "24_xel", "42_xel", "11_xel", "22_xel", "33_xel", "44_xel"],
  "data_percent": [0.00625, 0.00625, 0.00625, 0.00625, 0.00625, 0.00625, 0.00625, 0.00625, 0.00625, 0.00625, 0.00625, 0.00625, 0.00625, 0.00625, 0.00625, 0.00625, 0.05625, 0.05625, 0.05625, 0.05625, 0.05625, 0.05625, 0.05625, 0.05625, 0.05625, 0.05625, 0.05625, 0.05625, 0.05625, 0.05625, 0.05625, 0.05625],
  "data_name": ["13_xm0", "23_xm0", "43_xm0", "31_xm0", "32_xm0", "34_xm0", "12_xm0", "14_xm0", "21_xm0", "41_xm0", "24_xm0", "42_xm0", "11_xm0", "22_xm0", "33_xm0", "44_xm0", "13_xel", "23_xel", "43_xel", "31_xel", "32_xel", "34_xel", "12_xel", "14_xel", "21_xel", "41_xel", "24_xel", "42_xel", "11_xel", "22_xel", "33_xel", "44_xel"],
  "data_train": [0, 0, 0, 0, 0, 0, 0, 0, 0, 0, 0, 0, 0, 0, 0, 0, 1, 1, 0, 1, 1, 1, 1, 1, 1, 1, 1, 1, 1, 1, 1, 1],
  "data_show": [0, 0, 1, 0, 0, 1, 0, 0, 0, 0, 0, 0, 0, 0, 0, 1, 0, 0, 1, 0, 0, 1, 0, 0, 0, 0, 0, 0, 0, 0, 0, 1],
  "vocab_size": 201,
  "max_pos": 20,
  "d_model": 400,
  "d_feedforward": 1200,
  "d_k": 200,
  "d_v": 200,
  "n_layers": 2,
  "n_heads": 1,
  "clip": 1,
  "checkpoint": "none",
  "n_epoch": 210,
  "lr": 1e-05,
  "optim": "AdamW",
  "scheduler": "GradualWarmupScheduler_CosineAnnealingLR",
  "lr_decay_step": 1000,
  "lr_decay_rate": 1,
  "optim_total_epoch": 10,
  "optim_multiplier": 20,
  "optim_T_max": 200,
  "optim_eta_min": 1e-05,
  "save_model_epoch": 20,
  "print_loss_epoch": 1,
  "print_acc_epoch": 3,
  "plot_loss_acc_epoch": 3,
  "std_rate": 0.8,
  "working_dir": "result_0.8",
  "num_batches": 370,
  "data_size_13_xm0": 5625,
  "data_size_23_xm0": 5625,
  "data_size_43_xm0": 5625,
  "data_size_31_xm0": 5625,
  "data_size_32_xm0": 5625,
  "data_size_34_xm0": 5625,
  "data_size_12_xm0": 5625,
  "data_size_14_xm0": 5625,
  "data_size_21_xm0": 5625,
  "data_size_41_xm0": 5625,
  "data_size_24_xm0": 5625,
  "data_size_42_xm0": 5625,
  "data_size_11_xm0": 5625,
  "data_size_22_xm0": 5625,
  "data_size_33_xm0": 5625,
  "data_size_44_xm0": 5625,
  "data_size_13_xel": 50625,
  "data_size_23_xel": 50625,
  "data_size_43_xel": 50625,
  "data_size_31_xel": 50625,
  "data_size_32_xel": 50625,
  "data_size_34_xel": 50625,
  "data_size_12_xel": 50625,
  "data_size_14_xel": 50625,
  "data_size_21_xel": 50625,
  "data_size_41_xel": 50625,
  "data_size_24_xel": 50625,
  "data_size_42_xel": 50625,
  "data_size_11_xel": 50625,
  "data_size_22_xel": 50625,
  "data_size_33_xel": 50625,
  "data_size_44_xel": 50625
}
